{"assets/images/001.png":["assets/images/001.png"],"assets/images/002.png":["assets/images/002.png"],"assets/images/003.png":["assets/images/003.png"],"assets/images/004.png":["assets/images/004.png"],"assets/images/005.svg":["assets/images/005.svg"],"assets/maps/marker01.png":["assets/maps/marker01.png"],"assets/maps/marker02.png":["assets/maps/marker02.png"],"assets/screen01/background001.jpg":["assets/screen01/background001.jpg"],"assets/tutorial/000.png":["assets/tutorial/000.png"],"assets/tutorial/001.png":["assets/tutorial/001.png"],"assets/tutorial/002.png":["assets/tutorial/002.png"],"assets/tutorial/003.png":["assets/tutorial/003.png"],"images/posto.png":["images/posto.png"],"packages/cupertino_icons/assets/CupertinoIcons.ttf":["packages/cupertino_icons/assets/CupertinoIcons.ttf"]}